Teacher,Subject,Class,Hours,Shift,Subgroup,RoomType
Учитель_9_Нім.,Математика,1-А,4,1,whole,standard
Учитель_17_Географія,Укр. мова,1-А,4,1,whole,standard
Учитель_15_Англ.,Англ. мова,1-А,3,1,1,standard
Учитель_29_Англ.,Англ. мова,1-А,3,1,2,standard
Учитель_7_Правознавство,Фізична культура,1-А,3,1,whole,gym
Учитель_11_Фізика,Мистецтво,1-А,1,1,whole,standard
Учитель_2_Інформатика,Інформатика,1-А,1,1,1,it
Учитель_36_Інформатика,Інформатика,1-А,1,1,2,it
Учитель_13_Економіка,Математика,1-Б,4,1,whole,standard
Учитель_18_Всесвітня,Укр. мова,1-Б,4,1,whole,standard
Учитель_38_Англ.,Англ. мова,1-Б,3,1,1,standard
Учитель_47_Зарубіжна,Англ. мова,1-Б,3,1,2,standard
Учитель_20_Фізична,Фізична культура,1-Б,3,1,whole,gym
Учитель_14_Астрономія,Мистецтво,1-Б,1,1,whole,standard
Учитель_54_Економіка,Інформатика,1-Б,1,1,1,it
Учитель_61_Нім.,Інформатика,1-Б,1,1,2,it
Учитель_51_Географія,Математика,1-В,4,1,whole,standard
Учитель_45_Укр.,Укр. мова,1-В,4,1,whole,standard
Учитель_60_Правознавство,Англ. мова,1-В,3,1,1,standard
Учитель_62_Англ.,Англ. мова,1-В,3,1,2,standard
Учитель_22_Технології,Фізична культура,1-В,3,1,whole,gym
Учитель_23_Мистецтво,Мистецтво,1-В,1,1,whole,standard
Учитель_83_Географія,Інформатика,1-В,1,1,1,it
Учитель_100_Інформатика,Інформатика,1-В,1,1,2,it
Учитель_76_Хімія,Математика,1-Г,4,1,whole,standard
Учитель_52_Географія,Укр. мова,1-Г,4,1,whole,standard
Учитель_77_Англ.,Англ. мова,1-Г,3,1,1,standard
Учитель_84_Захист,Англ. мова,1-Г,3,1,2,standard
Учитель_32_Фізична,Фізична культура,1-Г,3,1,whole,gym
Учитель_39_Економіка,Мистецтво,1-Г,1,1,whole,standard
Учитель_109_Громадянська,Інформатика,1-Г,1,1,1,it
Учитель_140_Інформатика,Інформатика,1-Г,1,1,2,it
Учитель_79_Історія,Математика,1-Д,4,1,whole,standard
Учитель_74_Економіка,Укр. мова,1-Д,4,1,whole,standard
Учитель_89_Правознавство,Англ. мова,1-Д,3,1,1,standard
Учитель_110_Всесвітня,Англ. мова,1-Д,3,1,2,standard
Учитель_82_Географія,Фізична культура,1-Д,3,1,whole,gym
Учитель_57_Мистецтво,Мистецтво,1-Д,1,1,whole,standard
Учитель_157_Інформатика,Інформатика,1-Д,1,1,1,it
Учитель_159_Інформатика,Інформатика,1-Д,1,1,2,it
Учитель_91_Математика,Математика,1-Е,4,1,whole,standard
Учитель_96_Всесвітня,Укр. мова,1-Е,4,1,whole,standard
Учитель_114_Трудове,Англ. мова,1-Е,3,1,1,standard
Учитель_116_Технології,Англ. мова,1-Е,3,1,2,standard
Учитель_115_Фізична,Фізична культура,1-Е,3,1,whole,gym
Учитель_66_Фізика,Мистецтво,1-Е,1,1,whole,standard
Учитель_159_Інформатика,Інформатика,1-Е,1,1,1,it
Учитель_157_Інформатика,Інформатика,1-Е,1,1,2,it
Учитель_106_Математика,Математика,1-Ж,4,1,whole,standard
Учитель_103_Трудове,Укр. мова,1-Ж,4,1,whole,standard
Учитель_147_Зарубіжна,Англ. мова,1-Ж,3,1,1,standard
Учитель_170_Зарубіжна,Англ. мова,1-Ж,3,1,2,standard
Учитель_124_Фізична,Фізична культура,1-Ж,3,1,whole,gym
Учитель_80_Мистецтво,Мистецтво,1-Ж,1,1,whole,standard
Учитель_140_Інформатика,Інформатика,1-Ж,1,1,1,it
Учитель_109_Громадянська,Інформатика,1-Ж,1,1,2,it
Учитель_107_Математика,Математика,1-З,4,1,whole,standard
Учитель_126_Укр.,Укр. мова,1-З,4,1,whole,standard
Учитель_159_Інформатика,Англ. мова,1-З,3,1,1,standard
Учитель_170_Зарубіжна,Англ. мова,1-З,3,1,2,standard
Учитель_167_Фізична,Фізична культура,1-З,3,1,whole,gym
Учитель_87_Зарубіжна,Мистецтво,1-З,1,1,whole,standard
Учитель_100_Інформатика,Інформатика,1-З,1,1,1,it
Учитель_83_Географія,Інформатика,1-З,1,1,2,it
Учитель_112_Географія,Математика,1-И,4,1,whole,standard
Учитель_134_Укр.,Укр. мова,1-И,4,1,whole,standard
Учитель_147_Зарубіжна,Англ. мова,1-И,3,1,1,standard
Учитель_116_Технології,Англ. мова,1-И,3,1,2,standard
Учитель_167_Фізична,Фізична культура,1-И,3,1,whole,gym
Учитель_99_Мистецтво,Мистецтво,1-И,1,1,whole,standard
Учитель_61_Нім.,Інформатика,1-И,1,1,1,it
Учитель_54_Економіка,Інформатика,1-И,1,1,2,it
Учитель_125_Математика,Математика,1-К,4,1,whole,standard
Учитель_151_Укр.,Укр. мова,1-К,4,1,whole,standard
Учитель_114_Трудове,Англ. мова,1-К,3,1,1,standard
Учитель_110_Всесвітня,Англ. мова,1-К,3,1,2,standard
Учитель_124_Фізична,Фізична культура,1-К,3,1,whole,gym
Учитель_111_Укр.,Мистецтво,1-К,1,1,whole,standard
Учитель_36_Інформатика,Інформатика,1-К,1,1,1,it
Учитель_2_Інформатика,Інформатика,1-К,1,1,2,it
Учитель_128_Основи,Математика,2-А,4,1,whole,standard
Учитель_166_Громадянська,Укр. мова,2-А,4,1,whole,standard
Учитель_89_Правознавство,Англ. мова,2-А,3,1,1,standard
Учитель_84_Захист,Англ. мова,2-А,3,1,2,standard
Учитель_115_Фізична,Фізична культура,2-А,3,1,whole,gym
Учитель_113_Мистецтво,Мистецтво,2-А,1,1,whole,standard
Учитель_2_Інформатика,Інформатика,2-А,1,1,1,it
Учитель_36_Інформатика,Інформатика,2-А,1,1,2,it
Учитель_141_Біологія,Математика,2-Б,4,1,whole,standard
Учитель_166_Громадянська,Укр. мова,2-Б,4,1,whole,standard
Учитель_77_Англ.,Англ. мова,2-Б,3,1,1,standard
Учитель_62_Англ.,Англ. мова,2-Б,3,1,2,standard
Учитель_82_Географія,Фізична культура,2-Б,3,1,whole,gym
Учитель_152_Мистецтво,Мистецтво,2-Б,1,1,whole,standard
Учитель_54_Економіка,Інформатика,2-Б,1,1,1,it
Учитель_61_Нім.,Інформатика,2-Б,1,1,2,it
Учитель_142_Математика,Математика,2-В,4,1,whole,standard
Учитель_126_Укр.,Укр. мова,2-В,4,1,whole,standard
Учитель_60_Правознавство,Англ. мова,2-В,3,1,1,standard
Учитель_47_Зарубіжна,Англ. мова,2-В,3,1,2,standard
Учитель_32_Фізична,Фізична культура,2-В,3,1,whole,gym
Учитель_158_Мистецтво,Мистецтво,2-В,1,1,whole,standard
Учитель_83_Географія,Інформатика,2-В,1,1,1,it
Учитель_100_Інформатика,Інформатика,2-В,1,1,2,it
Учитель_149_Основи,Математика,2-Г,4,1,whole,standard
Учитель_103_Трудове,Укр. мова,2-Г,4,1,whole,standard
Учитель_38_Англ.,Англ. мова,2-Г,3,1,1,standard
Учитель_29_Англ.,Англ. мова,2-Г,3,1,2,standard
Учитель_22_Технології,Фізична культура,2-Г,3,1,whole,gym
Учитель_158_Мистецтво,Мистецтво,2-Г,1,1,whole,standard
Учитель_109_Громадянська,Інформатика,2-Г,1,1,1,it
Учитель_140_Інформатика,Інформатика,2-Г,1,1,2,it
Учитель_155_Математика,Математика,2-Д,4,1,whole,standard
Учитель_96_Всесвітня,Укр. мова,2-Д,4,1,whole,standard
Учитель_15_Англ.,Англ. мова,2-Д,3,1,1,standard
Учитель_159_Інформатика,Англ. мова,2-Д,3,1,2,standard
Учитель_20_Фізична,Фізична культура,2-Д,3,1,whole,gym
Учитель_152_Мистецтво,Мистецтво,2-Д,1,1,whole,standard
Учитель_157_Інформатика,Інформатика,2-Д,1,1,1,it
Учитель_157_Інформатика,Інформатика,2-Д,1,1,2,it
Учитель_161_Нім.,Математика,2-Е,4,1,whole,standard
Учитель_106_Математика,Укр. мова,2-Е,4,1,whole,standard
Учитель_15_Англ.,Англ. мова,2-Е,3,1,1,standard
Учитель_29_Англ.,Англ. мова,2-Е,3,1,2,standard
Учитель_7_Правознавство,Фізична культура,2-Е,3,1,whole,gym
Учитель_113_Мистецтво,Мистецтво,2-Е,1,1,whole,standard
Учитель_140_Інформатика,Інформатика,2-Е,1,1,1,it
Учитель_109_Громадянська,Інформатика,2-Е,1,1,2,it
Учитель_158_Мистецтво,Математика,2-Ж,4,1,whole,standard
Учитель_74_Економіка,Укр. мова,2-Ж,4,1,whole,standard
Учитель_38_Англ.,Англ. мова,2-Ж,3,1,1,standard
Учитель_47_Зарубіжна,Англ. мова,2-Ж,3,1,2,standard
Учитель_7_Правознавство,Фізична культура,2-Ж,3,1,whole,gym
Учитель_111_Укр.,Мистецтво,2-Ж,1,1,whole,standard
Учитель_100_Інформатика,Інформатика,2-Ж,1,1,1,it
Учитель_83_Географія,Інформатика,2-Ж,1,1,2,it
Учитель_161_Нім.,Математика,2-З,4,1,whole,standard
Учитель_52_Географія,Укр. мова,2-З,4,1,whole,standard
Учитель_60_Правознавство,Англ. мова,2-З,3,1,1,standard
Учитель_62_Англ.,Англ. мова,2-З,3,1,2,standard
Учитель_20_Фізична,Фізична культура,2-З,3,1,whole,gym
Учитель_99_Мистецтво,Мистецтво,2-З,1,1,whole,standard
Учитель_61_Нім.,Інформатика,2-З,1,1,1,it
Учитель_54_Економіка,Інформатика,2-З,1,1,2,it
Учитель_149_Основи,Математика,2-И,4,1,whole,standard
Учитель_45_Укр.,Укр. мова,2-И,4,1,whole,standard
Учитель_77_Англ.,Англ. мова,2-И,3,1,1,standard
Учитель_84_Захист,Англ. мова,2-И,3,1,2,standard
Учитель_22_Технології,Фізична культура,2-И,3,1,whole,gym
Учитель_87_Зарубіжна,Мистецтво,2-И,1,1,whole,standard
Учитель_36_Інформатика,Інформатика,2-И,1,1,1,it
Учитель_2_Інформатика,Інформатика,2-И,1,1,2,it
Учитель_142_Математика,Математика,2-К,4,1,whole,standard
Учитель_18_Всесвітня,Укр. мова,2-К,4,1,whole,standard
Учитель_114_Трудове,Англ. мова,2-К,3,1,1,standard
Учитель_116_Технології,Англ. мова,2-К,3,1,2,standard
Учитель_32_Фізична,Фізична культура,2-К,3,1,whole,gym
Учитель_80_Мистецтво,Мистецтво,2-К,1,1,whole,standard
Учитель_2_Інформатика,Інформатика,2-К,1,1,1,it
Учитель_36_Інформатика,Інформатика,2-К,1,1,2,it
Учитель_141_Біологія,Математика,3-А,4,1,whole,standard
Учитель_17_Географія,Укр. мова,3-А,4,1,whole,standard
Учитель_147_Зарубіжна,Англ. мова,3-А,3,1,1,standard
Учитель_170_Зарубіжна,Англ. мова,3-А,3,1,2,standard
Учитель_82_Географія,Фізична культура,3-А,3,1,whole,gym
Учитель_66_Фізика,Мистецтво,3-А,1,1,whole,standard
Учитель_54_Економіка,Інформатика,3-А,1,1,1,it
Учитель_61_Нім.,Інформатика,3-А,1,1,2,it
Учитель_128_Основи,Математика,3-Б,4,1,whole,standard
Учитель_17_Географія,Укр. мова,3-Б,4,1,whole,standard
Учитель_159_Інформатика,Англ. мова,3-Б,3,1,1,standard
Учитель_170_Зарубіжна,Англ. мова,3-Б,3,1,2,standard
Учитель_115_Фізична,Фізична культура,3-Б,3,1,whole,gym
Учитель_57_Мистецтво,Мистецтво,3-Б,1,1,whole,standard
Учитель_83_Географія,Інформатика,3-Б,1,1,1,it
Учитель_100_Інформатика,Інформатика,3-Б,1,1,2,it
Учитель_125_Математика,Математика,3-В,4,1,whole,standard
Учитель_18_Всесвітня,Укр. мова,3-В,4,1,whole,standard
Учитель_147_Зарубіжна,Англ. мова,3-В,3,1,1,standard
Учитель_114_Трудове,Англ. мова,3-В,3,1,2,standard
Учитель_124_Фізична,Фізична культура,3-В,3,1,whole,gym
Учитель_39_Економіка,Мистецтво,3-В,1,1,whole,standard
Учитель_109_Громадянська,Інформатика,3-В,1,1,1,it
Учитель_140_Інформатика,Інформатика,3-В,1,1,2,it
Учитель_112_Географія,Математика,3-Г,4,1,whole,standard
Учитель_45_Укр.,Укр. мова,3-Г,4,1,whole,standard
Учитель_84_Захист,Англ. мова,3-Г,3,1,1,standard
Учитель_77_Англ.,Англ. мова,3-Г,3,1,2,standard
Учитель_167_Фізична,Фізична культура,3-Г,3,1,whole,gym
Учитель_23_Мистецтво,Мистецтво,3-Г,1,1,whole,standard
Учитель_157_Інформатика,Інформатика,3-Г,1,1,1,it
Учитель_157_Інформатика,Інформатика,3-Г,1,1,2,it
Учитель_107_Математика,Математика,3-Д,4,1,whole,standard
Учитель_52_Географія,Укр. мова,3-Д,4,1,whole,standard
Учитель_62_Англ.,Англ. мова,3-Д,3,1,1,standard
Учитель_60_Правознавство,Англ. мова,3-Д,3,1,2,standard
Учитель_167_Фізична,Фізична культура,3-Д,3,1,whole,gym
Учитель_14_Астрономія,Мистецтво,3-Д,1,1,whole,standard
Учитель_140_Інформатика,Інформатика,3-Д,1,1,1,it
Учитель_109_Громадянська,Інформатика,3-Д,1,1,2,it
Учитель_91_Математика,Математика,3-Е,4,1,whole,standard
Учитель_106_Математика,Укр. мова,3-Е,4,1,whole,standard
Учитель_47_Зарубіжна,Англ. мова,3-Е,3,1,1,standard
Учитель_38_Англ.,Англ. мова,3-Е,3,1,2,standard
Учитель_124_Фізична,Фізична культура,3-Е,3,1,whole,gym
Учитель_11_Фізика,Мистецтво,3-Е,1,1,whole,standard
Учитель_100_Інформатика,Інформатика,3-Е,1,1,1,it
Учитель_83_Географія,Інформатика,3-Е,1,1,2,it
Учитель_79_Історія,Математика,3-Ж,4,1,whole,standard
Учитель_96_Всесвітня,Укр. мова,3-Ж,4,1,whole,standard
Учитель_29_Англ.,Англ. мова,3-Ж,3,1,1,standard
Учитель_15_Англ.,Англ. мова,3-Ж,3,1,2,standard
Учитель_82_Географія,Фізична культура,3-Ж,3,1,whole,gym
Учитель_11_Фізика,Мистецтво,3-Ж,1,1,whole,standard
Учитель_61_Нім.,Інформатика,3-Ж,1,1,1,it
Учитель_54_Економіка,Інформатика,3-Ж,1,1,2,it
Учитель_51_Географія,Математика,3-З,4,1,whole,standard
Учитель_103_Трудове,Укр. мова,3-З,4,1,whole,standard
Учитель_159_Інформатика,Англ. мова,3-З,3,1,1,standard
Учитель_15_Англ.,Англ. мова,3-З,3,1,2,standard
Учитель_32_Фізична,Фізична культура,3-З,3,1,whole,gym
Учитель_14_Астрономія,Мистецтво,3-З,1,1,whole,standard
Учитель_36_Інформатика,Інформатика,3-З,1,1,1,it
Учитель_2_Інформатика,Інформатика,3-З,1,1,2,it
Учитель_13_Економіка,Математика,3-И,4,1,whole,standard
Учитель_126_Укр.,Укр. мова,3-И,4,1,whole,standard
Учитель_29_Англ.,Англ. мова,3-И,3,1,1,standard
Учитель_38_Англ.,Англ. мова,3-И,3,1,2,standard
Учитель_22_Технології,Фізична культура,3-И,3,1,whole,gym
Учитель_23_Мистецтво,Мистецтво,3-И,1,1,whole,standard
Учитель_2_Інформатика,Інформатика,3-И,1,1,1,it
Учитель_36_Інформатика,Інформатика,3-И,1,1,2,it
Учитель_9_Нім.,Математика,3-К,4,1,whole,standard
Учитель_166_Громадянська,Укр. мова,3-К,4,1,whole,standard
Учитель_47_Зарубіжна,Англ. мова,3-К,3,1,1,standard
Учитель_60_Правознавство,Англ. мова,3-К,3,1,2,standard
Учитель_20_Фізична,Фізична культура,3-К,3,1,whole,gym
Учитель_39_Економіка,Мистецтво,3-К,1,1,whole,standard
Учитель_54_Економіка,Інформатика,3-К,1,1,1,it
Учитель_61_Нім.,Інформатика,3-К,1,1,2,it
Учитель_158_Мистецтво,Математика,4-А,4,1,whole,standard
Учитель_166_Громадянська,Укр. мова,4-А,4,1,whole,standard
Учитель_84_Захист,Англ. мова,4-А,3,1,1,standard
Учитель_114_Трудове,Англ. мова,4-А,3,1,2,standard
Учитель_7_Правознавство,Фізична культура,4-А,3,1,whole,gym
Учитель_57_Мистецтво,Мистецтво,4-А,1,1,whole,standard
Учитель_83_Географія,Інформатика,4-А,1,1,1,it
Учитель_100_Інформатика,Інформатика,4-А,1,1,2,it
Учитель_9_Нім.,Математика,4-Б,4,1,whole,standard
Учитель_126_Укр.,Укр. мова,4-Б,4,1,whole,standard
Учитель_147_Зарубіжна,Англ. мова,4-Б,3,1,1,standard
Учитель_170_Зарубіжна,Англ. мова,4-Б,3,1,2,standard
Учитель_7_Правознавство,Фізична культура,4-Б,3,1,whole,gym
Учитель_66_Фізика,Мистецтво,4-Б,1,1,whole,standard
Учитель_109_Громадянська,Інформатика,4-Б,1,1,1,it
Учитель_140_Інформатика,Інформатика,4-Б,1,1,2,it
Учитель_13_Економіка,Математика,4-В,4,1,whole,standard
Учитель_103_Трудове,Укр. мова,4-В,4,1,whole,standard
Учитель_159_Інформатика,Англ. мова,4-В,3,1,1,standard
Учитель_170_Зарубіжна,Англ. мова,4-В,3,1,2,standard
Учитель_20_Фізична,Фізична культура,4-В,3,1,whole,gym
Учитель_80_Мистецтво,Мистецтво,4-В,1,1,whole,standard
Учитель_157_Інформатика,Інформатика,4-В,1,1,1,it
Учитель_157_Інформатика,Інформатика,4-В,1,1,2,it
Учитель_51_Географія,Математика,4-Г,4,1,whole,standard
Учитель_96_Всесвітня,Укр. мова,4-Г,4,1,whole,standard
Учитель_147_Зарубіжна,Англ. мова,4-Г,3,1,1,standard
Учитель_84_Захист,Англ. мова,4-Г,3,1,2,standard
Учитель_32_Фізична,Фізична культура,4-Г,3,1,whole,gym
Учитель_87_Зарубіжна,Мистецтво,4-Г,1,1,whole,standard
Учитель_140_Інформатика,Інформатика,4-Г,1,1,1,it
Учитель_109_Громадянська,Інформатика,4-Г,1,1,2,it
Учитель_79_Історія,Математика,4-Д,4,1,whole,standard
Учитель_106_Математика,Укр. мова,4-Д,4,1,whole,standard
Учитель_60_Правознавство,Англ. мова,4-Д,3,1,1,standard
Учитель_47_Зарубіжна,Англ. мова,4-Д,3,1,2,standard
Учитель_82_Географія,Фізична культура,4-Д,3,1,whole,gym
Учитель_99_Мистецтво,Мистецтво,4-Д,1,1,whole,standard
Учитель_100_Інформатика,Інформатика,4-Д,1,1,1,it
Учитель_83_Географія,Інформатика,4-Д,1,1,2,it
Учитель_91_Математика,Математика,4-Е,4,1,whole,standard
Учитель_52_Географія,Укр. мова,4-Е,4,1,whole,standard
Учитель_29_Англ.,Англ. мова,4-Е,3,1,1,standard
Учитель_15_Англ.,Англ. мова,4-Е,3,1,2,standard
Учитель_124_Фізична,Фізична культура,4-Е,3,1,whole,gym
Учитель_111_Укр.,Мистецтво,4-Е,1,1,whole,standard
Учитель_61_Нім.,Інформатика,4-Е,1,1,1,it
Учитель_54_Економіка,Інформатика,4-Е,1,1,2,it
Учитель_107_Математика,Математика,4-Ж,4,1,whole,standard
Учитель_18_Всесвітня,Укр. мова,4-Ж,4,1,whole,standard
Учитель_159_Інформатика,Англ. мова,4-Ж,3,1,1,standard
Учитель_15_Англ.,Англ. мова,4-Ж,3,1,2,standard
Учитель_167_Фізична,Фізична культура,4-Ж,3,1,whole,gym
Учитель_113_Мистецтво,Мистецтво,4-Ж,1,1,whole,standard
Учитель_36_Інформатика,Інформатика,4-Ж,1,1,1,it
Учитель_2_Інформатика,Інформатика,4-Ж,1,1,2,it
Учитель_112_Географія,Математика,4-З,4,1,whole,standard
Учитель_17_Географія,Укр. мова,4-З,4,1,whole,standard
Учитель_29_Англ.,Англ. мова,4-З,3,1,1,standard
Учитель_47_Зарубіжна,Англ. мова,4-З,3,1,2,standard
Учитель_167_Фізична,Фізична культура,4-З,3,1,whole,gym
Учитель_152_Мистецтво,Мистецтво,4-З,1,1,whole,standard
Учитель_2_Інформатика,Інформатика,4-З,1,1,1,it
Учитель_36_Інформатика,Інформатика,4-З,1,1,2,it
Учитель_128_Основи,Математика,4-И,4,1,whole,standard
Учитель_18_Всесвітня,Укр. мова,4-И,4,1,whole,standard
Учитель_60_Правознавство,Англ. мова,4-И,3,1,1,standard
Учитель_84_Захист,Англ. мова,4-И,3,1,2,standard
Учитель_124_Фізична,Фізична культура,4-И,3,1,whole,gym
Учитель_152_Мистецтво,Мистецтво,4-И,1,1,whole,standard
Учитель_54_Економіка,Інформатика,4-И,1,1,1,it
Учитель_61_Нім.,Інформатика,4-И,1,1,2,it
Учитель_141_Біологія,Математика,4-К,4,1,whole,standard
Учитель_52_Географія,Укр. мова,4-К,4,1,whole,standard
Учитель_147_Зарубіжна,Англ. мова,4-К,3,1,1,standard
Учитель_170_Зарубіжна,Англ. мова,4-К,3,1,2,standard
Учитель_82_Географія,Фізична культура,4-К,3,1,whole,gym
Учитель_113_Мистецтво,Мистецтво,4-К,1,1,whole,standard
Учитель_83_Географія,Інформатика,4-К,1,1,1,it
Учитель_100_Інформатика,Інформатика,4-К,1,1,2,it
Учитель_16_Історія,Алгебра,5-А,2,1,whole,standard
Учитель_5_Астрономія,Геометрія,5-А,2,1,whole,standard
Учитель_106_Математика,Укр. мова,5-А,3,1,whole,standard
Учитель_159_Інформатика,Англ. мова,5-А,3,1,1,standard
Учитель_170_Зарубіжна,Англ. мова,5-А,3,1,2,standard
Учитель_6_Фізика,Фізика,5-А,2,1,whole,physics
Учитель_4_Хімія,Хімія,5-А,2,1,whole,chemistry
Учитель_1_Зарубіжна,Біологія,5-А,2,1,whole,bio
Учитель_8_Географія,Географія,5-А,2,1,whole,standard
Учитель_12_Історія,Історія України,5-А,2,1,whole,standard
Учитель_109_Громадянська,Інформатика,5-А,2,1,1,it
Учитель_140_Інформатика,Інформатика,5-А,2,1,2,it
Учитель_77_Англ.,Фізична культура,5-А,2,1,whole,gym
Учитель_10_Укр.,Зарубіжна літ.,5-А,2,1,whole,standard
Учитель_30_Біологія,Алгебра,5-Б,2,1,whole,standard
Учитель_26_Біологія,Геометрія,5-Б,2,1,whole,standard
Учитель_96_Всесвітня,Укр. мова,5-Б,3,1,whole,standard
Учитель_147_Зарубіжна,Англ. мова,5-Б,3,1,1,standard
Учитель_84_Захист,Англ. мова,5-Б,3,1,2,standard
Учитель_37_Фізика,Фізика,5-Б,2,1,whole,physics
Учитель_27_Економіка,Хімія,5-Б,2,1,whole,chemistry
Учитель_42_Біологія,Біологія,5-Б,2,1,whole,bio
Учитель_24_Географія,Географія,5-Б,2,1,whole,standard
Учитель_28_Історія,Історія України,5-Б,2,1,whole,standard
Учитель_157_Інформатика,Інформатика,5-Б,2,1,1,it
Учитель_83_Географія,Інформатика,5-Б,2,1,2,it
Учитель_32_Фізична,Фізична культура,5-Б,2,1,whole,gym
Учитель_35_Астрономія,Зарубіжна літ.,5-Б,2,1,whole,standard
Учитель_59_Алгебра,Алгебра,5-В,2,1,whole,standard
Учитель_31_Геометрія,Геометрія,5-В,2,1,whole,standard
Учитель_103_Трудове,Укр. мова,5-В,3,1,whole,standard
Учитель_60_Правознавство,Англ. мова,5-В,3,1,1,standard
Учитель_29_Англ.,Англ. мова,5-В,3,1,2,standard
Учитель_40_Укр.,Фізика,5-В,2,1,whole,physics
Учитель_44_Нім.,Хімія,5-В,2,1,whole,chemistry
Учитель_43_Біологія,Біологія,5-В,2,1,whole,bio
Учитель_25_Географія,Географія,5-В,2,1,whole,standard
Учитель_58_Астрономія,Історія України,5-В,2,1,whole,standard
Учитель_61_Нім.,Інформатика,5-В,2,1,1,it
Учитель_54_Економіка,Інформатика,5-В,2,1,2,it
Учитель_20_Фізична,Фізична культура,5-В,2,1,whole,gym
Учитель_65_Зарубіжна,Зарубіжна літ.,5-В,2,1,whole,standard
Учитель_73_Зарубіжна,Алгебра,5-Г,2,1,whole,standard
Учитель_50_Правознавство,Геометрія,5-Г,2,1,whole,standard
Учитель_126_Укр.,Укр. мова,5-Г,3,1,whole,standard
Учитель_15_Англ.,Англ. мова,5-Г,3,1,1,standard
Учитель_159_Інформатика,Англ. мова,5-Г,3,1,2,standard
Учитель_69_Фізика,Фізика,5-Г,2,1,whole,physics
Учитель_70_Основи,Хімія,5-Г,2,1,whole,chemistry
Учитель_46_Біологія,Біологія,5-Г,2,1,whole,bio
Учитель_56_Економіка,Географія,5-Г,2,1,whole,standard
Учитель_71_Геометрія,Історія України,5-Г,2,1,whole,standard
Учитель_36_Інформатика,Інформатика,5-Г,2,1,1,it
Учитель_2_Інформатика,Інформатика,5-Г,2,1,2,it
Учитель_7_Правознавство,Фізична культура,5-Г,2,1,whole,gym
Учитель_78_Зарубіжна,Зарубіжна літ.,5-Г,2,1,whole,standard
Учитель_75_Алгебра,Алгебра,5-Д,2,1,whole,standard
Учитель_86_Геометрія,Геометрія,5-Д,2,1,whole,standard
Учитель_126_Укр.,Укр. мова,5-Д,3,1,whole,standard
Учитель_15_Англ.,Англ. мова,5-Д,3,1,1,standard
Учитель_29_Англ.,Англ. мова,5-Д,3,1,2,standard
Учитель_85_Фізика,Фізика,5-Д,2,1,whole,physics
Учитель_81_Технології,Хімія,5-Д,2,1,whole,chemistry
Учитель_64_Біологія,Біологія,5-Д,2,1,whole,bio
Учитель_67_Технології,Географія,5-Д,2,1,whole,standard
Учитель_88_Історія,Історія України,5-Д,2,1,whole,standard
Учитель_157_Інформатика,Інформатика,5-Д,2,1,1,it
Учитель_140_Інформатика,Інформатика,5-Д,2,1,2,it
Учитель_7_Правознавство,Фізична культура,5-Д,2,1,whole,gym
Учитель_118_Зарубіжна,Зарубіжна літ.,5-Д,2,1,whole,standard
Учитель_92_Алгебра,Алгебра,5-Е,2,1,whole,standard
Учитель_90_Трудове,Геометрія,5-Е,2,1,whole,standard
Учитель_103_Трудове,Укр. мова,5-Е,3,1,whole,standard
Учитель_60_Правознавство,Англ. мова,5-Е,3,1,1,standard
Учитель_84_Захист,Англ. мова,5-Е,3,1,2,standard
Учитель_146_Трудове,Фізика,5-Е,2,1,whole,physics
Учитель_101_Укр.,Хімія,5-Е,2,1,whole,chemistry
Учитель_94_Географія,Біологія,5-Е,2,1,whole,bio
Учитель_104_Правознавство,Географія,5-Е,2,1,whole,standard
Учитель_97_Трудове,Історія України,5-Е,2,1,whole,standard
Учитель_109_Громадянська,Інформатика,5-Е,2,1,1,it
Учитель_2_Інформатика,Інформатика,5-Е,2,1,2,it
Учитель_20_Фізична,Фізична культура,5-Е,2,1,whole,gym
Учитель_127_Зарубіжна,Зарубіжна літ.,5-Е,2,1,whole,standard
Учитель_122_Алгебра,Алгебра,5-Ж,2,1,whole,standard
Учитель_102_Захист,Геометрія,5-Ж,2,1,whole,standard
Учитель_96_Всесвітня,Укр. мова,5-Ж,3,1,whole,standard
Учитель_147_Зарубіжна,Англ. мова,5-Ж,3,1,1,standard
Учитель_170_Зарубіжна,Англ. мова,5-Ж,3,1,2,standard
Учитель_164_Зарубіжна,Фізика,5-Ж,2,1,whole,physics
Учитель_119_Хімія,Хімія,5-Ж,2,1,whole,chemistry
Учитель_120_Основи,Біологія,5-Ж,2,1,whole,bio
Учитель_123_Географія,Географія,5-Ж,2,1,whole,standard
Учитель_130_Історія,Історія України,5-Ж,2,1,whole,standard
Учитель_36_Інформатика,Інформатика,5-Ж,2,1,1,it
Учитель_54_Економіка,Інформатика,5-Ж,2,1,2,it
Учитель_32_Фізична,Фізична культура,5-Ж,2,1,whole,gym
Учитель_133_Громадянська,Зарубіжна літ.,5-Ж,2,1,whole,standard
Учитель_160_Геометрія,Алгебра,5-З,2,1,whole,standard
Учитель_143_Громадянська,Геометрія,5-З,2,1,whole,standard
Учитель_106_Математика,Укр. мова,5-З,3,1,whole,standard
Учитель_159_Інформатика,Англ. мова,5-З,3,1,1,standard
Учитель_170_Зарубіжна,Англ. мова,5-З,3,1,2,standard
Учитель_164_Зарубіжна,Фізика,5-З,2,1,whole,physics
Учитель_136_Нім.,Хімія,5-З,2,1,whole,chemistry
Учитель_121_Всесвітня,Біологія,5-З,2,1,whole,bio
Учитель_131_Географія,Географія,5-З,2,1,whole,standard
Учитель_163_Правознавство,Історія України,5-З,2,1,whole,standard
Учитель_61_Нім.,Інформатика,5-З,2,1,1,it
Учитель_83_Географія,Інформатика,5-З,2,1,2,it
Учитель_82_Географія,Фізична культура,5-З,2,1,whole,gym
Учитель_145_Громадянська,Зарубіжна літ.,5-З,2,1,whole,standard
Учитель_160_Геометрія,Алгебра,5-И,2,1,whole,standard
Учитель_148_Астрономія,Геометрія,5-И,2,1,whole,standard
Учитель_52_Географія,Укр. мова,5-И,3,1,whole,standard
Учитель_147_Зарубіжна,Англ. мова,5-И,3,1,1,standard
Учитель_60_Правознавство,Англ. мова,5-И,3,1,2,standard
Учитель_146_Трудове,Фізика,5-И,2,1,whole,physics
Учитель_156_Хімія,Хімія,5-И,2,1,whole,chemistry
Учитель_129_Трудове,Біологія,5-И,2,1,whole,bio
Учитель_131_Географія,Географія,5-И,2,1,whole,standard
Учитель_163_Правознавство,Історія України,5-И,2,1,whole,standard
Учитель_109_Громадянська,Інформатика,5-И,2,1,1,it
Учитель_140_Інформатика,Інформатика,5-И,2,1,2,it
Учитель_124_Фізична,Фізична культура,5-И,2,1,whole,gym
Учитель_154_Правознавство,Зарубіжна літ.,5-И,2,1,whole,standard
Учитель_122_Алгебра,Алгебра,5-К,2,1,whole,standard
Учитель_153_Геометрія,Геометрія,5-К,2,1,whole,standard
Учитель_18_Всесвітня,Укр. мова,5-К,3,1,whole,standard
Учитель_29_Англ.,Англ. мова,5-К,3,1,1,standard
Учитель_159_Інформатика,Англ. мова,5-К,3,1,2,standard
Учитель_85_Фізика,Фізика,5-К,2,1,whole,physics
Учитель_156_Хімія,Хімія,5-К,2,1,whole,chemistry
Учитель_138_Біологія,Біологія,5-К,2,1,whole,bio
Учитель_123_Географія,Географія,5-К,2,1,whole,standard
Учитель_130_Історія,Історія України,5-К,2,1,whole,standard
Учитель_157_Інформатика,Інформатика,5-К,2,1,1,it
Учитель_83_Географія,Інформатика,5-К,2,1,2,it
Учитель_167_Фізична,Фізична культура,5-К,2,1,whole,gym
Учитель_154_Правознавство,Зарубіжна літ.,5-К,2,1,whole,standard
Учитель_92_Алгебра,Алгебра,6-А,2,2,whole,standard
Учитель_165_Захист,Геометрія,6-А,2,2,whole,standard
Учитель_106_Математика,Укр. мова,6-А,3,2,whole,standard
Учитель_29_Англ.,Англ. мова,6-А,3,2,1,standard
Учитель_60_Правознавство,Англ. мова,6-А,3,2,2,standard
Учитель_69_Фізика,Фізика,6-А,2,2,whole,physics
Учитель_136_Нім.,Хімія,6-А,2,2,whole,chemistry
Учитель_139_Біологія,Біологія,6-А,2,2,whole,bio
Учитель_104_Правознавство,Географія,6-А,2,2,whole,standard
Учитель_97_Трудове,Історія України,6-А,2,2,whole,standard
Учитель_61_Нім.,Інформатика,6-А,2,2,1,it
Учитель_54_Економіка,Інформатика,6-А,2,2,2,it
Учитель_32_Фізична,Фізична культура,6-А,2,2,whole,gym
Учитель_145_Громадянська,Зарубіжна літ.,6-А,2,2,whole,standard
Учитель_75_Алгебра,Алгебра,6-Б,2,2,whole,standard
Учитель_165_Захист,Геометрія,6-Б,2,2,whole,standard
Учитель_96_Всесвітня,Укр. мова,6-Б,3,2,whole,standard
Учитель_147_Зарубіжна,Англ. мова,6-Б,3,2,1,standard
Учитель_159_Інформатика,Англ. мова,6-Б,3,2,2,standard
Учитель_86_Геометрія,Фізика,6-Б,2,2,whole,physics
Учитель_119_Хімія,Хімія,6-Б,2,2,whole,chemistry
Учитель_139_Біологія,Біологія,6-Б,2,2,whole,bio
Учитель_67_Технології,Географія,6-Б,2,2,whole,standard
Учитель_88_Історія,Історія України,6-Б,2,2,whole,standard
Учитель_36_Інформатика,Інформатика,6-Б,2,2,1,it
Учитель_2_Інформатика,Інформатика,6-Б,2,2,2,it
Учитель_20_Фізична,Фізична культура,6-Б,2,2,whole,gym
Учитель_133_Громадянська,Зарубіжна літ.,6-Б,2,2,whole,standard
Учитель_73_Зарубіжна,Алгебра,6-В,2,2,whole,standard
Учитель_153_Геометрія,Геометрія,6-В,2,2,whole,standard
Учитель_103_Трудове,Укр. мова,6-В,3,2,whole,standard
Учитель_147_Зарубіжна,Англ. мова,6-В,3,2,1,standard
Учитель_60_Правознавство,Англ. мова,6-В,3,2,2,standard
Учитель_40_Укр.,Фізика,6-В,2,2,whole,physics
Учитель_101_Укр.,Хімія,6-В,2,2,whole,chemistry
Учитель_138_Біологія,Біологія,6-В,2,2,whole,bio
Учитель_94_Географія,Географія,6-В,2,2,whole,standard
Учитель_71_Геометрія,Історія України,6-В,2,2,whole,standard
Учитель_157_Інформатика,Інформатика,6-В,2,2,1,it
Учитель_140_Інформатика,Інформатика,6-В,2,2,2,it
Учитель_7_Правознавство,Фізична культура,6-В,2,2,whole,gym
Учитель_127_Зарубіжна,Зарубіжна літ.,6-В,2,2,whole,standard
Учитель_59_Алгебра,Алгебра,6-Г,2,2,whole,standard
Учитель_148_Астрономія,Геометрія,6-Г,2,2,whole,standard
Учитель_126_Укр.,Укр. мова,6-Г,3,2,whole,standard
Учитель_29_Англ.,Англ. мова,6-Г,3,2,1,standard
Учитель_159_Інформатика,Англ. мова,6-Г,3,2,2,standard
Учитель_43_Біологія,Фізика,6-Г,2,2,whole,physics
Учитель_81_Технології,Хімія,6-Г,2,2,whole,chemistry
Учитель_129_Трудове,Біологія,6-Г,2,2,whole,bio
Учитель_56_Економіка,Географія,6-Г,2,2,whole,standard
Учитель_58_Астрономія,Історія України,6-Г,2,2,whole,standard
Учитель_109_Громадянська,Інформатика,6-Г,2,2,1,it
Учитель_2_Інформатика,Інформатика,6-Г,2,2,2,it
Учитель_167_Фізична,Фізична культура,6-Г,2,2,whole,gym
Учитель_118_Зарубіжна,Зарубіжна літ.,6-Г,2,2,whole,standard
Учитель_30_Біологія,Алгебра,6-Д,2,2,whole,standard
Учитель_143_Громадянська,Геометрія,6-Д,2,2,whole,standard
Учитель_18_Всесвітня,Укр. мова,6-Д,3,2,whole,standard
Учитель_29_Англ.,Англ. мова,6-Д,3,2,1,standard
Учитель_60_Правознавство,Англ. мова,6-Д,3,2,2,standard
Учитель_37_Фізика,Фізика,6-Д,2,2,whole,physics
Учитель_70_Основи,Хімія,6-Д,2,2,whole,chemistry
Учитель_121_Всесвітня,Біологія,6-Д,2,2,whole,bio
Учитель_25_Географія,Географія,6-Д,2,2,whole,standard
Учитель_28_Історія,Історія України,6-Д,2,2,whole,standard
Учитель_36_Інформатика,Інформатика,6-Д,2,2,1,it
Учитель_54_Економіка,Інформатика,6-Д,2,2,2,it
Учитель_124_Фізична,Фізична культура,6-Д,2,2,whole,gym
Учитель_78_Зарубіжна,Зарубіжна літ.,6-Д,2,2,whole,standard
Учитель_16_Історія,Алгебра,6-Е,2,2,whole,standard
Учитель_102_Захист,Геометрія,6-Е,2,2,whole,standard
Учитель_52_Географія,Укр. мова,6-Е,3,2,whole,standard
Учитель_147_Зарубіжна,Англ. мова,6-Е,3,2,1,standard
Учитель_60_Правознавство,Англ. мова,6-Е,3,2,2,standard
Учитель_6_Фізика,Фізика,6-Е,2,2,whole,physics
Учитель_44_Нім.,Хімія,6-Е,2,2,whole,chemistry
Учитель_120_Основи,Біологія,6-Е,2,2,whole,bio
Учитель_24_Географія,Географія,6-Е,2,2,whole,standard
Учитель_12_Історія,Історія України,6-Е,2,2,whole,standard
Учитель_61_Нім.,Інформатика,6-Е,2,2,1,it
Учитель_83_Географія,Інформатика,6-Е,2,2,2,it
Учитель_82_Географія,Фізична культура,6-Е,2,2,whole,gym
Учитель_65_Зарубіжна,Зарубіжна літ.,6-Е,2,2,whole,standard
Учитель_16_Історія,Алгебра,6-Ж,2,2,whole,standard
Учитель_90_Трудове,Геометрія,6-Ж,2,2,whole,standard
Учитель_126_Укр.,Укр. мова,6-Ж,3,2,whole,standard
Учитель_29_Англ.,Англ. мова,6-Ж,3,2,1,standard
Учитель_89_Правознавство,Англ. мова,6-Ж,3,2,2,standard
Учитель_11_Фізика,Фізика,6-Ж,2,2,whole,physics
Учитель_27_Економіка,Хімія,6-Ж,2,2,whole,chemistry
Учитель_64_Біологія,Біологія,6-Ж,2,2,whole,bio
Учитель_8_Географія,Географія,6-Ж,2,2,whole,standard
Учитель_42_Біологія,Історія України,6-Ж,2,2,whole,standard
Учитель_109_Громадянська,Інформатика,6-Ж,2,2,1,it
Учитель_140_Інформатика,Інформатика,6-Ж,2,2,2,it
Учитель_7_Правознавство,Фізична культура,6-Ж,2,2,whole,gym
Учитель_35_Астрономія,Зарубіжна літ.,6-Ж,2,2,whole,standard
Учитель_30_Біологія,Алгебра,6-З,2,2,whole,standard
Учитель_50_Правознавство,Геометрія,6-З,2,2,whole,standard
Учитель_103_Трудове,Укр. мова,6-З,3,2,whole,standard
Учитель_110_Всесвітня,Англ. мова,6-З,3,2,1,standard
Учитель_110_Всесвітня,Англ. мова,6-З,3,2,2,standard
Учитель_66_Фізика,Фізика,6-З,2,2,whole,physics
Учитель_4_Хімія,Хімія,6-З,2,2,whole,chemistry
Учитель_46_Біологія,Біологія,6-З,2,2,whole,bio
Учитель_24_Географія,Географія,6-З,2,2,whole,standard
Учитель_42_Біологія,Історія України,6-З,2,2,whole,standard
Учитель_83_Географія,Інформатика,6-З,2,2,1,it
Учитель_61_Нім.,Інформатика,6-З,2,2,2,it
Учитель_20_Фізична,Фізична культура,6-З,2,2,whole,gym
Учитель_10_Укр.,Зарубіжна літ.,6-З,2,2,whole,standard
Учитель_59_Алгебра,Алгебра,6-И,2,2,whole,standard
Учитель_31_Геометрія,Геометрія,6-И,2,2,whole,standard
Учитель_96_Всесвітня,Укр. мова,6-И,3,2,whole,standard
Учитель_89_Правознавство,Англ. мова,6-И,3,2,1,standard
Учитель_116_Технології,Англ. мова,6-И,3,2,2,standard
Учитель_6_Фізика,Фізика,6-И,2,2,whole,physics
Учитель_23_Мистецтво,Хімія,6-И,2,2,whole,chemistry
Учитель_1_Зарубіжна,Біологія,6-И,2,2,whole,bio
Учитель_25_Географія,Географія,6-И,2,2,whole,standard
Учитель_12_Історія,Історія України,6-И,2,2,whole,standard
Учитель_54_Економіка,Інформатика,6-И,2,2,1,it
Учитель_36_Інформатика,Інформатика,6-И,2,2,2,it
Учитель_32_Фізична,Фізична культура,6-И,2,2,whole,gym
Учитель_57_Мистецтво,Зарубіжна літ.,6-И,2,2,whole,standard
Учитель_73_Зарубіжна,Алгебра,6-К,2,2,whole,standard
Учитель_26_Біологія,Геометрія,6-К,2,2,whole,standard
Учитель_106_Математика,Укр. мова,6-К,3,2,whole,standard
Учитель_116_Технології,Англ. мова,6-К,3,2,1,standard
Учитель_89_Правознавство,Англ. мова,6-К,3,2,2,standard
Учитель_37_Фізика,Фізика,6-К,2,2,whole,physics
Учитель_4_Хімія,Хімія,6-К,2,2,whole,chemistry
Учитель_1_Зарубіжна,Біологія,6-К,2,2,whole,bio
Учитель_56_Економіка,Географія,6-К,2,2,whole,standard
Учитель_28_Історія,Історія України,6-К,2,2,whole,standard
Учитель_2_Інформатика,Інформатика,6-К,2,2,1,it
Учитель_140_Інформатика,Інформатика,6-К,2,2,2,it
Учитель_82_Географія,Фізична культура,6-К,2,2,whole,gym
Учитель_87_Зарубіжна,Зарубіжна літ.,6-К,2,2,whole,standard
Учитель_92_Алгебра,Алгебра,7-А,2,2,whole,standard
Учитель_5_Астрономія,Геометрія,7-А,2,2,whole,standard
Учитель_52_Географія,Укр. мова,7-А,3,2,whole,standard
Учитель_110_Всесвітня,Англ. мова,7-А,3,2,1,standard
Учитель_62_Англ.,Англ. мова,7-А,3,2,2,standard
Учитель_43_Біологія,Фізика,7-А,2,2,whole,physics
Учитель_27_Економіка,Хімія,7-А,2,2,whole,chemistry
Учитель_26_Біологія,Біологія,7-А,2,2,whole,bio
Учитель_94_Географія,Географія,7-А,2,2,whole,standard
Учитель_58_Астрономія,Історія України,7-А,2,2,whole,standard
Учитель_109_Громадянська,Інформатика,7-А,2,2,1,it
Учитель_2_Інформатика,Інформатика,7-А,2,2,2,it
Учитель_124_Фізична,Фізична культура,7-А,2,2,whole,gym
Учитель_10_Укр.,Зарубіжна літ.,7-А,2,2,whole,standard
Учитель_122_Алгебра,Алгебра,7-Б,2,2,whole,standard
Учитель_5_Астрономія,Геометрія,7-Б,2,2,whole,standard
Учитель_18_Всесвітня,Укр. мова,7-Б,3,2,whole,standard
Учитель_77_Англ.,Англ. мова,7-Б,3,2,1,standard
Учитель_62_Англ.,Англ. мова,7-Б,3,2,2,standard
Учитель_40_Укр.,Фізика,7-Б,2,2,whole,physics
Учитель_44_Нім.,Хімія,7-Б,2,2,whole,chemistry
Учитель_46_Біологія,Біологія,7-Б,2,2,whole,bio
Учитель_67_Технології,Географія,7-Б,2,2,whole,standard
Учитель_71_Геометрія,Історія України,7-Б,2,2,whole,standard
Учитель_36_Інформатика,Інформатика,7-Б,2,2,1,it
Учитель_54_Економіка,Інформатика,7-Б,2,2,2,it
Учитель_167_Фізична,Фізична культура,7-Б,2,2,whole,gym
Учитель_35_Астрономія,Зарубіжна літ.,7-Б,2,2,whole,standard
Учитель_160_Геометрія,Алгебра,7-В,2,2,whole,standard
Учитель_31_Геометрія,Геометрія,7-В,2,2,whole,standard
Учитель_96_Всесвітня,Укр. мова,7-В,3,2,whole,standard
Учитель_110_Всесвітня,Англ. мова,7-В,3,2,1,standard
Учитель_89_Правознавство,Англ. мова,7-В,3,2,2,standard
Учитель_86_Геометрія,Фізика,7-В,2,2,whole,physics
Учитель_70_Основи,Хімія,7-В,2,2,whole,chemistry
Учитель_64_Біологія,Біологія,7-В,2,2,whole,bio
Учитель_104_Правознавство,Географія,7-В,2,2,whole,standard
Учитель_88_Історія,Історія України,7-В,2,2,whole,standard
Учитель_61_Нім.,Інформатика,7-В,2,2,1,it
Учитель_83_Географія,Інформатика,7-В,2,2,2,it
Учитель_32_Фізична,Фізична культура,7-В,2,2,whole,gym
Учитель_65_Зарубіжна,Зарубіжна літ.,7-В,2,2,whole,standard
Учитель_160_Геометрія,Алгебра,7-Г,2,2,whole,standard
Учитель_50_Правознавство,Геометрія,7-Г,2,2,whole,standard
Учитель_103_Трудове,Укр. мова,7-Г,3,2,whole,standard
Учитель_116_Технології,Англ. мова,7-Г,3,2,1,standard
Учитель_114_Трудове,Англ. мова,7-Г,3,2,2,standard
Учитель_69_Фізика,Фізика,7-Г,2,2,whole,physics
Учитель_81_Технології,Хімія,7-Г,2,2,whole,chemistry
Учитель_120_Основи,Біологія,7-Г,2,2,whole,bio
Учитель_123_Географія,Географія,7-Г,2,2,whole,standard
Учитель_97_Трудове,Історія України,7-Г,2,2,whole,standard
Учитель_109_Громадянська,Інформатика,7-Г,2,2,1,it
Учитель_140_Інформатика,Інформатика,7-Г,2,2,2,it
Учитель_20_Фізична,Фізична культура,7-Г,2,2,whole,gym
Учитель_78_Зарубіжна,Зарубіжна літ.,7-Г,2,2,whole,standard
Учитель_122_Алгебра,Алгебра,7-Д,2,2,whole,standard
Учитель_90_Трудове,Геометрія,7-Д,2,2,whole,standard
Учитель_126_Укр.,Укр. мова,7-Д,3,2,whole,standard
Учитель_38_Англ.,Англ. мова,7-Д,3,2,1,standard
Учитель_77_Англ.,Англ. мова,7-Д,3,2,2,standard
Учитель_85_Фізика,Фізика,7-Д,2,2,whole,physics
Учитель_101_Укр.,Хімія,7-Д,2,2,whole,chemistry
Учитель_129_Трудове,Біологія,7-Д,2,2,whole,bio
Учитель_130_Історія,Географія,7-Д,2,2,whole,standard
Учитель_163_Правознавство,Історія України,7-Д,2,2,whole,standard
Учитель_83_Географія,Інформатика,7-Д,2,2,1,it
Учитель_61_Нім.,Інформатика,7-Д,2,2,2,it
Учитель_7_Правознавство,Фізична культура,7-Д,2,2,whole,gym
Учитель_118_Зарубіжна,Зарубіжна літ.,7-Д,2,2,whole,standard
Учитель_92_Алгебра,Алгебра,7-Е,2,2,whole,standard
Учитель_102_Захист,Геометрія,7-Е,2,2,whole,standard
Учитель_52_Географія,Укр. мова,7-Е,3,2,whole,standard
Учитель_38_Англ.,Англ. мова,7-Е,3,2,1,standard
Учитель_114_Трудове,Англ. мова,7-Е,3,2,2,standard
Учитель_146_Трудове,Фізика,7-Е,2,2,whole,physics
Учитель_119_Хімія,Хімія,7-Е,2,2,whole,chemistry
Учитель_138_Біологія,Біологія,7-Е,2,2,whole,bio
Учитель_131_Географія,Географія,7-Е,2,2,whole,standard
Учитель_163_Правознавство,Історія України,7-Е,2,2,whole,standard
Учитель_54_Економіка,Інформатика,7-Е,2,2,1,it
Учитель_36_Інформатика,Інформатика,7-Е,2,2,2,it
Учитель_167_Фізична,Фізична культура,7-Е,2,2,whole,gym
Учитель_127_Зарубіжна,Зарубіжна літ.,7-Е,2,2,whole,standard
Учитель_73_Зарубіжна,Алгебра,7-Ж,2,2,whole,standard
Учитель_143_Громадянська,Геометрія,7-Ж,2,2,whole,standard
Учитель_126_Укр.,Укр. мова,7-Ж,3,2,whole,standard
Учитель_116_Технології,Англ. мова,7-Ж,3,2,1,standard
Учитель_89_Правознавство,Англ. мова,7-Ж,3,2,2,standard
Учитель_164_Зарубіжна,Фізика,7-Ж,2,2,whole,physics
Учитель_136_Нім.,Хімія,7-Ж,2,2,whole,chemistry
Учитель_139_Біологія,Біологія,7-Ж,2,2,whole,bio
Учитель_131_Географія,Географія,7-Ж,2,2,whole,standard
Учитель_97_Трудове,Історія України,7-Ж,2,2,whole,standard
Учитель_140_Інформатика,Інформатика,7-Ж,2,2,1,it
Учитель_109_Громадянська,Інформатика,7-Ж,2,2,2,it
Учитель_124_Фізична,Фізична культура,7-Ж,2,2,whole,gym
Учитель_133_Громадянська,Зарубіжна літ.,7-Ж,2,2,whole,standard
Учитель_59_Алгебра,Алгебра,7-З,2,2,whole,standard
Учитель_148_Астрономія,Геометрія,7-З,2,2,whole,standard
Учитель_103_Трудове,Укр. мова,7-З,3,2,whole,standard
Учитель_110_Всесвітня,Англ. мова,7-З,3,2,1,standard
Учитель_62_Англ.,Англ. мова,7-З,3,2,2,standard
Учитель_66_Фізика,Фізика,7-З,2,2,whole,physics
Учитель_156_Хімія,Хімія,7-З,2,2,whole,chemistry
Учитель_139_Біологія,Біологія,7-З,2,2,whole,bio
Учитель_130_Історія,Географія,7-З,2,2,whole,standard
Учитель_88_Історія,Історія України,7-З,2,2,whole,standard
Учитель_36_Інформатика,Інформатика,7-З,2,2,1,it
Учитель_61_Нім.,Інформатика,7-З,2,2,2,it
Учитель_82_Географія,Фізична культура,7-З,2,2,whole,gym
Учитель_145_Громадянська,Зарубіжна літ.,7-З,2,2,whole,standard
Учитель_16_Історія,Алгебра,7-И,2,2,whole,standard
Учитель_153_Геометрія,Геометрія,7-И,2,2,whole,standard
Учитель_96_Всесвітня,Укр. мова,7-И,3,2,whole,standard
Учитель_77_Англ.,Англ. мова,7-И,3,2,1,standard
Учитель_62_Англ.,Англ. мова,7-И,3,2,2,standard
Учитель_11_Фізика,Фізика,7-И,2,2,whole,physics
Учитель_23_Мистецтво,Хімія,7-И,2,2,whole,chemistry
Учитель_138_Біологія,Біологія,7-И,2,2,whole,bio
Учитель_123_Географія,Географія,7-И,2,2,whole,standard
Учитель_71_Геометрія,Історія України,7-И,2,2,whole,standard
Учитель_83_Географія,Інформатика,7-И,2,2,1,it
Учитель_109_Громадянська,Інформатика,7-И,2,2,2,it
Учитель_7_Правознавство,Фізична культура,7-И,2,2,whole,gym
Учитель_154_Правознавство,Зарубіжна літ.,7-И,2,2,whole,standard
Учитель_16_Історія,Алгебра,7-К,2,2,whole,standard
Учитель_165_Захист,Геометрія,7-К,2,2,whole,standard
Учитель_52_Географія,Укр. мова,7-К,3,2,whole,standard
Учитель_110_Всесвітня,Англ. мова,7-К,3,2,1,standard
Учитель_89_Правознавство,Англ. мова,7-К,3,2,2,standard
Учитель_164_Зарубіжна,Фізика,7-К,2,2,whole,physics
Учитель_156_Хімія,Хімія,7-К,2,2,whole,chemistry
Учитель_129_Трудове,Біологія,7-К,2,2,whole,bio
Учитель_104_Правознавство,Географія,7-К,2,2,whole,standard
Учитель_58_Астрономія,Історія України,7-К,2,2,whole,standard
Учитель_140_Інформатика,Інформатика,7-К,2,2,1,it
Учитель_61_Нім.,Інформатика,7-К,2,2,2,it
Учитель_20_Фізична,Фізична культура,7-К,2,2,whole,gym
Учитель_87_Зарубіжна,Зарубіжна літ.,7-К,2,2,whole,standard
Учитель_59_Алгебра,Алгебра,8-А,2,2,whole,standard
Учитель_165_Захист,Геометрія,8-А,2,2,whole,standard
Учитель_96_Всесвітня,Укр. мова,8-А,3,2,whole,standard
Учитель_116_Технології,Англ. мова,8-А,3,2,1,standard
Учитель_114_Трудове,Англ. мова,8-А,3,2,2,standard
Учитель_146_Трудове,Фізика,8-А,2,2,whole,physics
Учитель_136_Нім.,Хімія,8-А,2,2,whole,chemistry
Учитель_120_Основи,Біологія,8-А,2,2,whole,bio
Учитель_67_Технології,Географія,8-А,2,2,whole,standard
Учитель_28_Історія,Історія України,8-А,2,2,whole,standard
Учитель_140_Інформатика,Інформатика,8-А,2,2,1,it
Учитель_109_Громадянська,Інформатика,8-А,2,2,2,it
Учитель_32_Фізична,Фізична культура,8-А,2,2,whole,gym
Учитель_57_Мистецтво,Зарубіжна літ.,8-А,2,2,whole,standard
Учитель_73_Зарубіжна,Алгебра,8-Б,2,2,whole,standard
Учитель_153_Геометрія,Геометрія,8-Б,2,2,whole,standard
Учитель_126_Укр.,Укр. мова,8-Б,3,2,whole,standard
Учитель_38_Англ.,Англ. мова,8-Б,3,2,1,standard
Учитель_47_Зарубіжна,Англ. мова,8-Б,3,2,2,standard
Учитель_85_Фізика,Фізика,8-Б,2,2,whole,physics
Учитель_119_Хімія,Хімія,8-Б,2,2,whole,chemistry
Учитель_64_Біологія,Біологія,8-Б,2,2,whole,bio
Учитель_94_Географія,Географія,8-Б,2,2,whole,standard
Учитель_12_Історія,Історія України,8-Б,2,2,whole,standard
Учитель_61_Нім.,Інформатика,8-Б,2,2,1,it
Учитель_109_Громадянська,Інформатика,8-Б,2,2,2,it
Учитель_82_Географія,Фізична культура,8-Б,2,2,whole,gym
Учитель_154_Правознавство,Зарубіжна літ.,8-Б,2,2,whole,standard
Учитель_92_Алгебра,Алгебра,8-В,2,2,whole,standard
Учитель_148_Астрономія,Геометрія,8-В,2,2,whole,standard
Учитель_126_Укр.,Укр. мова,8-В,3,2,whole,standard
Учитель_77_Англ.,Англ. мова,8-В,3,2,1,standard
Учитель_47_Зарубіжна,Англ. мова,8-В,3,2,2,standard
Учитель_69_Фізика,Фізика,8-В,2,2,whole,physics
Учитель_101_Укр.,Хімія,8-В,2,2,whole,chemistry
Учитель_46_Біологія,Біологія,8-В,2,2,whole,bio
Учитель_56_Економіка,Географія,8-В,2,2,whole,standard
Учитель_37_Фізика,Історія України,8-В,2,2,whole,standard
Учитель_140_Інформатика,Інформатика,8-В,2,2,1,it
Учитель_61_Нім.,Інформатика,8-В,2,2,2,it
Учитель_124_Фізична,Фізична культура,8-В,2,2,whole,gym
Учитель_145_Громадянська,Зарубіжна літ.,8-В,2,2,whole,standard
Учитель_122_Алгебра,Алгебра,8-Г,2,2,whole,standard
Учитель_143_Громадянська,Геометрія,8-Г,2,2,whole,standard
Учитель_96_Всесвітня,Укр. мова,8-Г,3,2,whole,standard
Учитель_38_Англ.,Англ. мова,8-Г,3,2,1,standard
Учитель_114_Трудове,Англ. мова,8-Г,3,2,2,standard
Учитель_86_Геометрія,Фізика,8-Г,2,2,whole,physics
Учитель_81_Технології,Хімія,8-Г,2,2,whole,chemistry
Учитель_1_Зарубіжна,Біологія,8-Г,2,2,whole,bio
Учитель_25_Географія,Географія,8-Г,2,2,whole,standard
Учитель_42_Біологія,Історія України,8-Г,2,2,whole,standard
Учитель_109_Громадянська,Інформатика,8-Г,2,2,1,it
Учитель_61_Нім.,Інформатика,8-Г,2,2,2,it
Учитель_167_Фізична,Фізична культура,8-Г,2,2,whole,gym
Учитель_127_Зарубіжна,Зарубіжна літ.,8-Г,2,2,whole,standard
Учитель_160_Геометрія,Алгебра,8-Д,2,2,whole,standard
Учитель_102_Захист,Геометрія,8-Д,2,2,whole,standard
Учитель_126_Укр.,Укр. мова,8-Д,3,2,whole,standard
Учитель_116_Технології,Англ. мова,8-Д,3,2,1,standard
Учитель_89_Правознавство,Англ. мова,8-Д,3,2,2,standard
Учитель_40_Укр.,Фізика,8-Д,2,2,whole,physics
Учитель_70_Основи,Хімія,8-Д,2,2,whole,chemistry
Учитель_43_Біологія,Біологія,8-Д,2,2,whole,bio
Учитель_24_Географія,Географія,8-Д,2,2,whole,standard
Учитель_42_Біологія,Історія України,8-Д,2,2,whole,standard
Учитель_109_Громадянська,Інформатика,8-Д,2,2,1,it
Учитель_61_Нім.,Інформатика,8-Д,2,2,2,it
Учитель_167_Фізична,Фізична культура,8-Д,2,2,whole,gym
Учитель_118_Зарубіжна,Зарубіжна літ.,8-Д,2,2,whole,standard
Учитель_160_Геометрія,Алгебра,8-Е,2,2,whole,standard
Учитель_90_Трудове,Геометрія,8-Е,2,2,whole,standard
Учитель_126_Укр.,Укр. мова,8-Е,3,2,whole,standard
Учитель_110_Всесвітня,Англ. мова,8-Е,3,2,1,standard
Учитель_62_Англ.,Англ. мова,8-Е,3,2,2,standard
Учитель_6_Фізика,Фізика,8-Е,2,2,whole,physics
Учитель_44_Нім.,Хімія,8-Е,2,2,whole,chemistry
Учитель_43_Біологія,Біологія,8-Е,2,2,whole,bio
Учитель_24_Географія,Географія,8-Е,2,2,whole,standard
Учитель_37_Фізика,Історія України,8-Е,2,2,whole,standard
Учитель_109_Громадянська,Інформатика,8-Е,2,2,1,it
Учитель_109_Громадянська,Інформатика,8-Е,2,2,2,it
Учитель_124_Фізична,Фізична культура,8-Е,2,2,whole,gym
Учитель_78_Зарубіжна,Зарубіжна літ.,8-Е,2,2,whole,standard
Учитель_122_Алгебра,Алгебра,8-Ж,2,2,whole,standard
Учитель_50_Правознавство,Геометрія,8-Ж,2,2,whole,standard
Учитель_151_Укр.,Укр. мова,8-Ж,3,2,whole,standard
Учитель_77_Англ.,Англ. мова,8-Ж,3,2,1,standard
Учитель_62_Англ.,Англ. мова,8-Ж,3,2,2,standard
Учитель_11_Фізика,Фізика,8-Ж,2,2,whole,physics
Учитель_27_Економіка,Хімія,8-Ж,2,2,whole,chemistry
Учитель_1_Зарубіжна,Біологія,8-Ж,2,2,whole,bio
Учитель_25_Географія,Географія,8-Ж,2,2,whole,standard
Учитель_12_Історія,Історія України,8-Ж,2,2,whole,standard
Учитель_109_Громадянська,Інформатика,8-Ж,2,2,1,it
Учитель_159_Інформатика,Інформатика,8-Ж,2,2,2,it
Учитель_82_Географія,Фізична культура,8-Ж,2,2,whole,gym
Учитель_65_Зарубіжна,Зарубіжна літ.,8-Ж,2,2,whole,standard
Учитель_92_Алгебра,Алгебра,8-З,2,2,whole,standard
Учитель_31_Геометрія,Геометрія,8-З,2,2,whole,standard
Учитель_134_Укр.,Укр. мова,8-З,3,2,whole,standard
Учитель_110_Всесвітня,Англ. мова,8-З,3,2,1,standard
Учитель_89_Правознавство,Англ. мова,8-З,3,2,2,standard
Учитель_66_Фізика,Фізика,8-З,2,2,whole,physics
Учитель_4_Хімія,Хімія,8-З,2,2,whole,chemistry
Учитель_46_Біологія,Біологія,8-З,2,2,whole,bio
Учитель_56_Економіка,Географія,8-З,2,2,whole,standard
Учитель_28_Історія,Історія України,8-З,2,2,whole,standard
Учитель_109_Громадянська,Інформатика,8-З,2,2,1,it
Учитель_109_Громадянська,Інформатика,8-З,2,2,2,it
Учитель_82_Географія,Фізична культура,8-З,2,2,whole,gym
Учитель_35_Астрономія,Зарубіжна літ.,8-З,2,2,whole,standard
Учитель_73_Зарубіжна,Алгебра,8-И,2,2,whole,standard
Учитель_5_Астрономія,Геометрія,8-И,2,2,whole,standard
Учитель_134_Укр.,Укр. мова,8-И,3,2,whole,standard
Учитель_116_Технології,Англ. мова,8-И,3,2,1,standard
Учитель_114_Трудове,Англ. мова,8-И,3,2,2,standard
Учитель_6_Фізика,Фізика,8-И,2,2,whole,physics
Учитель_23_Мистецтво,Хімія,8-И,2,2,whole,chemistry
Учитель_64_Біологія,Біологія,8-И,2,2,whole,bio
Учитель_94_Географія,Географія,8-И,2,2,whole,standard
Учитель_58_Астрономія,Історія України,8-И,2,2,whole,standard
Учитель_109_Громадянська,Інформатика,8-И,2,2,1,it
Учитель_100_Інформатика,Інформатика,8-И,2,2,2,it
Учитель_124_Фізична,Фізична культура,8-И,2,2,whole,gym
Учитель_10_Укр.,Зарубіжна літ.,8-И,2,2,whole,standard
Учитель_59_Алгебра,Алгебра,8-К,2,2,whole,standard
Учитель_5_Астрономія,Геометрія,8-К,2,2,whole,standard
Учитель_151_Укр.,Укр. мова,8-К,3,2,whole,standard
Учитель_38_Англ.,Англ. мова,8-К,3,2,1,standard
Учитель_47_Зарубіжна,Англ. мова,8-К,3,2,2,standard
Учитель_40_Укр.,Фізика,8-К,2,2,whole,physics
Учитель_4_Хімія,Хімія,8-К,2,2,whole,chemistry
Учитель_129_Трудове,Біологія,8-К,2,2,whole,bio
Учитель_67_Технології,Географія,8-К,2,2,whole,standard
Учитель_71_Геометрія,Історія України,8-К,2,2,whole,standard
Учитель_100_Інформатика,Інформатика,8-К,2,2,1,it
Учитель_100_Інформатика,Інформатика,8-К,2,2,2,it
Учитель_167_Фізична,Фізична культура,8-К,2,2,whole,gym
Учитель_57_Мистецтво,Зарубіжна літ.,8-К,2,2,whole,standard
Учитель_16_Історія,Алгебра,9-А,2,1,whole,standard
Учитель_31_Геометрія,Геометрія,9-А,2,1,whole,standard
Учитель_74_Економіка,Укр. мова,9-А,3,1,whole,standard
Учитель_84_Захист,Англ. мова,9-А,3,1,1,standard
Учитель_15_Англ.,Англ. мова,9-А,3,1,2,standard
Учитель_86_Геометрія,Фізика,9-А,2,1,whole,physics
Учитель_27_Економіка,Хімія,9-А,2,1,whole,chemistry
Учитель_138_Біологія,Біологія,9-А,2,1,whole,bio
Учитель_123_Географія,Географія,9-А,2,1,whole,standard
Учитель_88_Історія,Історія України,9-А,2,1,whole,standard
Учитель_100_Інформатика,Інформатика,9-А,2,1,1,it
Учитель_157_Інформатика,Інформатика,9-А,2,1,2,it
Учитель_124_Фізична,Фізична культура,9-А,2,1,whole,gym
Учитель_10_Укр.,Зарубіжна літ.,9-А,2,1,whole,standard
Учитель_16_Історія,Алгебра,9-Б,2,1,whole,standard
Учитель_50_Правознавство,Геометрія,9-Б,2,1,whole,standard
Учитель_151_Укр.,Укр. мова,9-Б,3,1,whole,standard
Учитель_77_Англ.,Англ. мова,9-Б,3,1,1,standard
Учитель_15_Англ.,Англ. мова,9-Б,3,1,2,standard
Учитель_69_Фізика,Фізика,9-Б,2,1,whole,physics
Учитель_44_Нім.,Хімія,9-Б,2,1,whole,chemistry
Учитель_139_Біологія,Біологія,9-Б,2,1,whole,bio
Учитель_130_Історія,Географія,9-Б,2,1,whole,standard
Учитель_97_Трудове,Історія України,9-Б,2,1,whole,standard
Учитель_100_Інформатика,Інформатика,9-Б,2,1,1,it
Учитель_157_Інформатика,Інформатика,9-Б,2,1,2,it
Учитель_82_Географія,Фізична культура,9-Б,2,1,whole,gym
Учитель_35_Астрономія,Зарубіжна літ.,9-Б,2,1,whole,standard
Учитель_59_Алгебра,Алгебра,9-В,2,1,whole,standard
Учитель_102_Захист,Геометрія,9-В,2,1,whole,standard
Учитель_134_Укр.,Укр. мова,9-В,3,1,whole,standard
Учитель_84_Захист,Англ. мова,9-В,3,1,1,standard
Учитель_47_Зарубіжна,Англ. мова,9-В,3,1,2,standard
Учитель_85_Фізика,Фізика,9-В,2,1,whole,physics
Учитель_81_Технології,Хімія,9-В,2,1,whole,chemistry
Учитель_142_Математика,Біологія,9-В,2,1,whole,bio
Учитель_131_Географія,Географія,9-В,2,1,whole,standard
Учитель_163_Правознавство,Історія України,9-В,2,1,whole,standard
Учитель_100_Інформатика,Інформатика,9-В,2,1,1,it
Учитель_157_Інформатика,Інформатика,9-В,2,1,2,it
Учитель_124_Фізична,Фізична культура,9-В,2,1,whole,gym
Учитель_65_Зарубіжна,Зарубіжна літ.,9-В,2,1,whole,standard
Учитель_73_Зарубіжна,Алгебра,9-Г,2,1,whole,standard
Учитель_143_Громадянська,Геометрія,9-Г,2,1,whole,standard
Учитель_74_Економіка,Укр. мова,9-Г,3,1,whole,standard
Учитель_38_Англ.,Англ. мова,9-Г,3,1,1,standard
Учитель_114_Трудове,Англ. мова,9-Г,3,1,2,standard
Учитель_146_Трудове,Фізика,9-Г,2,1,whole,physics
Учитель_101_Укр.,Хімія,9-Г,2,1,whole,chemistry
Учитель_142_Математика,Біологія,9-Г,2,1,whole,bio
Учитель_131_Географія,Географія,9-Г,2,1,whole,standard
Учитель_163_Правознавство,Історія України,9-Г,2,1,whole,standard
Учитель_100_Інформатика,Інформатика,9-Г,2,1,1,it
Учитель_2_Інформатика,Інформатика,9-Г,2,1,2,it
Учитель_115_Фізична,Фізична культура,9-Г,2,1,whole,gym
Учитель_78_Зарубіжна,Зарубіжна літ.,9-Г,2,1,whole,standard
Учитель_92_Алгебра,Алгебра,9-Д,2,1,whole,standard
Учитель_148_Астрономія,Геометрія,9-Д,2,1,whole,standard
Учитель_45_Укр.,Укр. мова,9-Д,3,1,whole,standard
Учитель_116_Технології,Англ. мова,9-Д,3,1,1,standard
Учитель_89_Правознавство,Англ. мова,9-Д,3,1,2,standard
Учитель_164_Зарубіжна,Фізика,9-Д,2,1,whole,physics
Учитель_119_Хімія,Хімія,9-Д,2,1,whole,chemistry
Учитель_139_Біологія,Біологія,9-Д,2,1,whole,bio
Учитель_130_Історія,Географія,9-Д,2,1,whole,standard
Учитель_97_Трудове,Історія України,9-Д,2,1,whole,standard
Учитель_157_Інформатика,Інформатика,9-Д,2,1,1,it
Учитель_2_Інформатика,Інформатика,9-Д,2,1,2,it
Учитель_115_Фізична,Фізична культура,9-Д,2,1,whole,gym
Учитель_118_Зарубіжна,Зарубіжна літ.,9-Д,2,1,whole,standard
Учитель_122_Алгебра,Алгебра,9-Е,2,1,whole,standard
Учитель_153_Геометрія,Геометрія,9-Е,2,1,whole,standard
Учитель_134_Укр.,Укр. мова,9-Е,3,1,whole,standard
Учитель_110_Всесвітня,Англ. мова,9-Е,3,1,1,standard
Учитель_62_Англ.,Англ. мова,9-Е,3,1,2,standard
Учитель_66_Фізика,Фізика,9-Е,2,1,whole,physics
Учитель_136_Нім.,Хімія,9-Е,2,1,whole,chemistry
Учитель_138_Біологія,Біологія,9-Е,2,1,whole,bio
Учитель_123_Географія,Географія,9-Е,2,1,whole,standard
Учитель_88_Історія,Історія України,9-Е,2,1,whole,standard
Учитель_100_Інформатика,Інформатика,9-Е,2,1,1,it
Учитель_54_Економіка,Інформатика,9-Е,2,1,2,it
Учитель_22_Технології,Фізична культура,9-Е,2,1,whole,gym
Учитель_127_Зарубіжна,Зарубіжна літ.,9-Е,2,1,whole,standard
Учитель_160_Геометрія,Алгебра,9-Ж,2,1,whole,standard
Учитель_165_Захист,Геометрія,9-Ж,2,1,whole,standard
Учитель_151_Укр.,Укр. мова,9-Ж,3,1,whole,standard
Учитель_170_Зарубіжна,Англ. мова,9-Ж,3,1,1,standard
Учитель_77_Англ.,Англ. мова,9-Ж,3,1,2,standard
Учитель_11_Фізика,Фізика,9-Ж,2,1,whole,physics
Учитель_156_Хімія,Хімія,9-Ж,2,1,whole,chemistry
Учитель_129_Трудове,Біологія,9-Ж,2,1,whole,bio
Учитель_67_Технології,Географія,9-Ж,2,1,whole,standard
Учитель_71_Геометрія,Історія України,9-Ж,2,1,whole,standard
Учитель_157_Інформатика,Інформатика,9-Ж,2,1,1,it
Учитель_54_Економіка,Інформатика,9-Ж,2,1,2,it
Учитель_115_Фізична,Фізична культура,9-Ж,2,1,whole,gym
Учитель_145_Громадянська,Зарубіжна літ.,9-Ж,2,1,whole,standard
Учитель_91_Математика,Алгебра,9-З,2,1,whole,standard
Учитель_165_Захист,Геометрія,9-З,2,1,whole,standard
Учитель_74_Економіка,Укр. мова,9-З,3,1,whole,standard
Учитель_170_Зарубіжна,Англ. мова,9-З,3,1,1,standard
Учитель_62_Англ.,Англ. мова,9-З,3,1,2,standard
Учитель_164_Зарубіжна,Фізика,9-З,2,1,whole,physics
Учитель_23_Мистецтво,Хімія,9-З,2,1,whole,chemistry
Учитель_64_Біологія,Біологія,9-З,2,1,whole,bio
Учитель_94_Географія,Географія,9-З,2,1,whole,standard
Учитель_58_Астрономія,Історія України,9-З,2,1,whole,standard
Учитель_100_Інформатика,Інформатика,9-З,2,1,1,it
Учитель_2_Інформатика,Інформатика,9-З,2,1,2,it
Учитель_22_Технології,Фізична культура,9-З,2,1,whole,gym
Учитель_154_Правознавство,Зарубіжна літ.,9-З,2,1,whole,standard
Учитель_91_Математика,Алгебра,9-И,2,1,whole,standard
Учитель_153_Геометрія,Геометрія,9-И,2,1,whole,standard
Учитель_45_Укр.,Укр. мова,9-И,3,1,whole,standard
Учитель_110_Всесвітня,Англ. мова,9-И,3,1,1,standard
Учитель_89_Правознавство,Англ. мова,9-И,3,1,2,standard
Учитель_146_Трудове,Фізика,9-И,2,1,whole,physics
Учитель_156_Хімія,Хімія,9-И,2,1,whole,chemistry
Учитель_46_Біологія,Біологія,9-И,2,1,whole,bio
Учитель_25_Географія,Географія,9-И,2,1,whole,standard
Учитель_28_Історія,Історія України,9-И,2,1,whole,standard
Учитель_83_Географія,Інформатика,9-И,2,1,1,it
Учитель_36_Інформатика,Інформатика,9-И,2,1,2,it
Учитель_115_Фізична,Фізична культура,9-И,2,1,whole,gym
Учитель_57_Мистецтво,Зарубіжна літ.,9-И,2,1,whole,standard
Учитель_160_Геометрія,Алгебра,9-К,2,1,whole,standard
Учитель_148_Астрономія,Геометрія,9-К,2,1,whole,standard
Учитель_151_Укр.,Укр. мова,9-К,3,1,whole,standard
Учитель_116_Технології,Англ. мова,9-К,3,1,1,standard
Учитель_114_Трудове,Англ. мова,9-К,3,1,2,standard
Учитель_85_Фізика,Фізика,9-К,2,1,whole,physics
Учитель_136_Нім.,Хімія,9-К,2,1,whole,chemistry
Учитель_1_Зарубіжна,Біологія,9-К,2,1,whole,bio
Учитель_24_Географія,Географія,9-К,2,1,whole,standard
Учитель_12_Історія,Історія України,9-К,2,1,whole,standard
Учитель_157_Інформатика,Інформатика,9-К,2,1,1,it
Учитель_36_Інформатика,Інформатика,9-К,2,1,2,it
Учитель_22_Технології,Фізична культура,9-К,2,1,whole,gym
Учитель_154_Правознавство,Зарубіжна літ.,9-К,2,1,whole,standard
Учитель_92_Алгебра,Алгебра,10-А,2,1,whole,standard
Учитель_102_Захист,Геометрія,10-А,2,1,whole,standard
Учитель_134_Укр.,Укр. мова,10-А,3,1,whole,standard
Учитель_38_Англ.,Англ. мова,10-А,3,1,1,standard
Учитель_47_Зарубіжна,Англ. мова,10-А,3,1,2,standard
Учитель_69_Фізика,Фізика,10-А,2,1,whole,physics
Учитель_119_Хімія,Хімія,10-А,2,1,whole,chemistry
Учитель_43_Біологія,Біологія,10-А,2,1,whole,bio
Учитель_24_Географія,Географія,10-А,2,1,whole,standard
Учитель_37_Фізика,Історія України,10-А,2,1,whole,standard
Учитель_83_Географія,Інформатика,10-А,2,1,1,it
Учитель_2_Інформатика,Інформатика,10-А,2,1,2,it
Учитель_115_Фізична,Фізична культура,10-А,2,1,whole,gym
Учитель_145_Громадянська,Зарубіжна літ.,10-А,2,1,whole,standard
Учитель_73_Зарубіжна,Алгебра,10-Б,2,1,whole,standard
Учитель_50_Правознавство,Геометрія,10-Б,2,1,whole,standard
Учитель_17_Географія,Укр. мова,10-Б,3,1,whole,standard
Учитель_84_Захист,Англ. мова,10-Б,3,1,1,standard
Учитель_15_Англ.,Англ. мова,10-Б,3,1,2,standard
Учитель_86_Геометрія,Фізика,10-Б,2,1,whole,physics
Учитель_101_Укр.,Хімія,10-Б,2,1,whole,chemistry
Учитель_42_Біологія,Біологія,10-Б,2,1,whole,bio
Учитель_25_Географія,Географія,10-Б,2,1,whole,standard
Учитель_37_Фізика,Історія України,10-Б,2,1,whole,standard
Учитель_100_Інформатика,Інформатика,10-Б,2,1,1,it
Учитель_54_Економіка,Інформатика,10-Б,2,1,2,it
Учитель_22_Технології,Фізична культура,10-Б,2,1,whole,gym
Учитель_127_Зарубіжна,Зарубіжна літ.,10-Б,2,1,whole,standard
Учитель_59_Алгебра,Алгебра,10-В,2,1,whole,standard
Учитель_31_Геометрія,Геометрія,10-В,2,1,whole,standard
Учитель_166_Громадянська,Укр. мова,10-В,3,1,whole,standard
Учитель_77_Англ.,Англ. мова,10-В,3,1,1,standard
Учитель_15_Англ.,Англ. мова,10-В,3,1,2,standard
Учитель_40_Укр.,Фізика,10-В,2,1,whole,physics
Учитель_81_Технології,Хімія,10-В,2,1,whole,chemistry
Учитель_42_Біологія,Біологія,10-В,2,1,whole,bio
Учитель_94_Географія,Географія,10-В,2,1,whole,standard
Учитель_12_Історія,Історія України,10-В,2,1,whole,standard
Учитель_157_Інформатика,Інформатика,10-В,2,1,1,it
Учитель_54_Економіка,Інформатика,10-В,2,1,2,it
Учитель_115_Фізична,Фізична культура,10-В,2,1,whole,gym
Учитель_118_Зарубіжна,Зарубіжна літ.,10-В,2,1,whole,standard
Учитель_16_Історія,Алгебра,10-Г,2,1,whole,standard
Учитель_5_Астрономія,Геометрія,10-Г,2,1,whole,standard
Учитель_74_Економіка,Укр. мова,10-Г,3,1,whole,standard
Учитель_84_Захист,Англ. мова,10-Г,3,1,1,standard
Учитель_47_Зарубіжна,Англ. мова,10-Г,3,1,2,standard
Учитель_6_Фізика,Фізика,10-Г,2,1,whole,physics
Учитель_44_Нім.,Хімія,10-Г,2,1,whole,chemistry
Учитель_43_Біологія,Біологія,10-Г,2,1,whole,bio
Учитель_67_Технології,Географія,10-Г,2,1,whole,standard
Учитель_28_Історія,Історія України,10-Г,2,1,whole,standard
Учитель_100_Інформатика,Інформатика,10-Г,2,1,1,it
Учитель_2_Інформатика,Інформатика,10-Г,2,1,2,it
Учитель_22_Технології,Фізична культура,10-Г,2,1,whole,gym
Учитель_78_Зарубіжна,Зарубіжна літ.,10-Г,2,1,whole,standard
Учитель_16_Історія,Алгебра,10-Д,2,1,whole,standard
Учитель_5_Астрономія,Геометрія,10-Д,2,1,whole,standard
Учитель_45_Укр.,Укр. мова,10-Д,3,1,whole,standard
Учитель_38_Англ.,Англ. мова,10-Д,3,1,1,standard
Учитель_114_Трудове,Англ. мова,10-Д,3,1,2,standard
Учитель_11_Фізика,Фізика,10-Д,2,1,whole,physics
Учитель_27_Економіка,Хімія,10-Д,2,1,whole,chemistry
Учитель_1_Зарубіжна,Біологія,10-Д,2,1,whole,bio
Учитель_130_Історія,Географія,10-Д,2,1,whole,standard
Учитель_58_Астрономія,Історія України,10-Д,2,1,whole,standard
Учитель_83_Географія,Інформатика,10-Д,2,1,1,it
Учитель_36_Інформатика,Інформатика,10-Д,2,1,2,it
Учитель_115_Фізична,Фізична культура,10-Д,2,1,whole,gym
Учитель_65_Зарубіжна,Зарубіжна літ.,10-Д,2,1,whole,standard
Учитель_59_Алгебра,Алгебра,10-Е,2,1,whole,standard
Учитель_31_Геометрія,Геометрія,10-Е,2,1,whole,standard
Учитель_166_Громадянська,Укр. мова,10-Е,3,1,whole,standard
Учитель_116_Технології,Англ. мова,10-Е,3,1,1,standard
Учитель_89_Правознавство,Англ. мова,10-Е,3,1,2,standard
Учитель_66_Фізика,Фізика,10-Е,2,1,whole,physics
Учитель_4_Хімія,Хімія,10-Е,2,1,whole,chemistry
Учитель_46_Біологія,Біологія,10-Е,2,1,whole,bio
Учитель_131_Географія,Географія,10-Е,2,1,whole,standard
Учитель_71_Геометрія,Історія України,10-Е,2,1,whole,standard
Учитель_157_Інформатика,Інформатика,10-Е,2,1,1,it
Учитель_140_Інформатика,Інформатика,10-Е,2,1,2,it
Учитель_22_Технології,Фізична культура,10-Е,2,1,whole,gym
Учитель_35_Астрономія,Зарубіжна літ.,10-Е,2,1,whole,standard
Учитель_73_Зарубіжна,Алгебра,10-Ж,2,1,whole,standard
Учитель_50_Правознавство,Геометрія,10-Ж,2,1,whole,standard
Учитель_17_Географія,Укр. мова,10-Ж,3,1,whole,standard
Учитель_110_Всесвітня,Англ. мова,10-Ж,3,1,1,standard
Учитель_62_Англ.,Англ. мова,10-Ж,3,1,2,standard
Учитель_6_Фізика,Фізика,10-Ж,2,1,whole,physics
Учитель_23_Мистецтво,Хімія,10-Ж,2,1,whole,chemistry
Учитель_64_Біологія,Біологія,10-Ж,2,1,whole,bio
Учитель_51_Географія,Географія,10-Ж,2,1,whole,standard
Учитель_88_Історія,Історія України,10-Ж,2,1,whole,standard
Учитель_36_Інформатика,Інформатика,10-Ж,2,1,1,it
Учитель_83_Географія,Інформатика,10-Ж,2,1,2,it
Учитель_115_Фізична,Фізична культура,10-Ж,2,1,whole,gym
Учитель_10_Укр.,Зарубіжна літ.,10-Ж,2,1,whole,standard
Учитель_92_Алгебра,Алгебра,10-З,2,1,whole,standard
Учитель_86_Геометрія,Геометрія,10-З,2,1,whole,standard
Учитель_134_Укр.,Укр. мова,10-З,3,1,whole,standard
Учитель_170_Зарубіжна,Англ. мова,10-З,3,1,1,standard
Учитель_77_Англ.,Англ. мова,10-З,3,1,2,standard
Учитель_40_Укр.,Фізика,10-З,2,1,whole,physics
Учитель_4_Хімія,Хімія,10-З,2,1,whole,chemistry
Учитель_129_Трудове,Біологія,10-З,2,1,whole,bio
Учитель_107_Математика,Географія,10-З,2,1,whole,standard
Учитель_97_Трудове,Історія України,10-З,2,1,whole,standard
Учитель_2_Інформатика,Інформатика,10-З,2,1,1,it
Учитель_100_Інформатика,Інформатика,10-З,2,1,2,it
Учитель_22_Технології,Фізична культура,10-З,2,1,whole,gym
Учитель_57_Мистецтво,Зарубіжна літ.,10-З,2,1,whole,standard
Учитель_160_Геометрія,Алгебра,10-И,2,1,whole,standard
Учитель_102_Захист,Геометрія,10-И,2,1,whole,standard
Учитель_151_Укр.,Укр. мова,10-И,3,1,whole,standard
Учитель_170_Зарубіжна,Англ. мова,10-И,3,1,1,standard
Учитель_62_Англ.,Англ. мова,10-И,3,1,2,standard
Учитель_69_Фізика,Фізика,10-И,2,1,whole,physics
Учитель_27_Економіка,Хімія,10-И,2,1,whole,chemistry
Учитель_138_Біологія,Біологія,10-И,2,1,whole,bio
Учитель_112_Географія,Географія,10-И,2,1,whole,standard
Учитель_163_Правознавство,Історія України,10-И,2,1,whole,standard
Учитель_54_Економіка,Інформатика,10-И,2,1,1,it
Учитель_140_Інформатика,Інформатика,10-И,2,1,2,it
Учитель_115_Фізична,Фізична культура,10-И,2,1,whole,gym
Учитель_10_Укр.,Зарубіжна літ.,10-И,2,1,whole,standard
Учитель_91_Математика,Алгебра,10-К,2,1,whole,standard
Учитель_148_Астрономія,Геометрія,10-К,2,1,whole,standard
Учитель_74_Економіка,Укр. мова,10-К,3,1,whole,standard
Учитель_110_Всесвітня,Англ. мова,10-К,3,1,1,standard
Учитель_89_Правознавство,Англ. мова,10-К,3,1,2,standard
Учитель_85_Фізика,Фізика,10-К,2,1,whole,physics
Учитель_81_Технології,Хімія,10-К,2,1,whole,chemistry
Учитель_139_Біологія,Біологія,10-К,2,1,whole,bio
Учитель_112_Географія,Географія,10-К,2,1,whole,standard
Учитель_79_Історія,Історія України,10-К,2,1,whole,standard
Учитель_157_Інформатика,Інформатика,10-К,2,1,1,it
Учитель_54_Економіка,Інформатика,10-К,2,1,2,it
Учитель_22_Технології,Фізична культура,10-К,2,1,whole,gym
Учитель_35_Астрономія,Зарубіжна літ.,10-К,2,1,whole,standard
Учитель_91_Математика,Алгебра,11-А,2,1,whole,standard
Учитель_153_Геометрія,Геометрія,11-А,2,1,whole,standard
Учитель_45_Укр.,Укр. мова,11-А,3,1,whole,standard
Учитель_116_Технології,Англ. мова,11-А,3,1,1,standard
Учитель_114_Трудове,Англ. мова,11-А,3,1,2,standard
Учитель_146_Трудове,Фізика,11-А,2,1,whole,physics
Учитель_101_Укр.,Хімія,11-А,2,1,whole,chemistry
Учитель_142_Математика,Біологія,11-А,2,1,whole,bio
Учитель_107_Математика,Географія,11-А,2,1,whole,standard
Учитель_79_Історія,Історія України,11-А,2,1,whole,standard
Учитель_100_Інформатика,Інформатика,11-А,2,1,1,it
Учитель_2_Інформатика,Інформатика,11-А,2,1,2,it
Учитель_115_Фізична,Фізична культура,11-А,2,1,whole,gym
Учитель_78_Зарубіжна,Зарубіжна літ.,11-А,2,1,whole,standard
Учитель_160_Геометрія,Алгебра,11-Б,2,1,whole,standard
Учитель_165_Захист,Геометрія,11-Б,2,1,whole,standard
Учитель_151_Укр.,Укр. мова,11-Б,3,1,whole,standard
Учитель_38_Англ.,Англ. мова,11-Б,3,1,1,standard
Учитель_47_Зарубіжна,Англ. мова,11-Б,3,1,2,standard
Учитель_164_Зарубіжна,Фізика,11-Б,2,1,whole,physics
Учитель_119_Хімія,Хімія,11-Б,2,1,whole,chemistry
Учитель_141_Біологія,Біологія,11-Б,2,1,whole,bio
Учитель_51_Географія,Географія,11-Б,2,1,whole,standard
Учитель_163_Правознавство,Історія України,11-Б,2,1,whole,standard
Учитель_83_Географія,Інформатика,11-Б,2,1,1,it
Учитель_36_Інформатика,Інформатика,11-Б,2,1,2,it
Учитель_32_Фізична,Фізична культура,11-Б,2,1,whole,gym
Учитель_118_Зарубіжна,Зарубіжна літ.,11-Б,2,1,whole,standard
Учитель_92_Алгебра,Алгебра,11-В,2,1,whole,standard
Учитель_165_Захист,Геометрія,11-В,2,1,whole,standard
Учитель_134_Укр.,Укр. мова,11-В,3,1,whole,standard
Учитель_84_Захист,Англ. мова,11-В,3,1,1,standard
Учитель_15_Англ.,Англ. мова,11-В,3,1,2,standard
Учитель_66_Фізика,Фізика,11-В,2,1,whole,physics
Учитель_136_Нім.,Хімія,11-В,2,1,whole,chemistry
Учитель_141_Біологія,Біологія,11-В,2,1,whole,bio
Учитель_131_Географія,Географія,11-В,2,1,whole,standard
Учитель_97_Трудове,Історія України,11-В,2,1,whole,standard
Учитель_157_Інформатика,Інформатика,11-В,2,1,1,it
Учитель_140_Інформатика,Інформатика,11-В,2,1,2,it
Учитель_20_Фізична,Фізична культура,11-В,2,1,whole,gym
Учитель_127_Зарубіжна,Зарубіжна літ.,11-В,2,1,whole,standard
Учитель_73_Зарубіжна,Алгебра,11-Г,2,1,whole,standard
Учитель_153_Геометрія,Геометрія,11-Г,2,1,whole,standard
Учитель_17_Географія,Укр. мова,11-Г,3,1,whole,standard
Учитель_147_Зарубіжна,Англ. мова,11-Г,3,1,1,standard
Учитель_159_Інформатика,Англ. мова,11-Г,3,1,2,standard
Учитель_11_Фізика,Фізика,11-Г,2,1,whole,physics
Учитель_156_Хімія,Хімія,11-Г,2,1,whole,chemistry
Учитель_142_Математика,Біологія,11-Г,2,1,whole,bio
Учитель_130_Історія,Географія,11-Г,2,1,whole,standard
Учитель_88_Історія,Історія України,11-Г,2,1,whole,standard
Учитель_36_Інформатика,Інформатика,11-Г,2,1,1,it
Учитель_83_Географія,Інформатика,11-Г,2,1,2,it
Учитель_7_Правознавство,Фізична культура,11-Г,2,1,whole,gym
Учитель_145_Громадянська,Зарубіжна літ.,11-Г,2,1,whole,standard
Учитель_59_Алгебра,Алгебра,11-Д,2,1,whole,standard
Учитель_148_Астрономія,Геометрія,11-Д,2,1,whole,standard
Учитель_166_Громадянська,Укр. мова,11-Д,3,1,whole,standard
Учитель_77_Англ.,Англ. мова,11-Д,3,1,1,standard
Учитель_147_Зарубіжна,Англ. мова,11-Д,3,1,2,standard
Учитель_164_Зарубіжна,Фізика,11-Д,2,1,whole,physics
Учитель_23_Мистецтво,Хімія,11-Д,2,1,whole,chemistry
Учитель_139_Біологія,Біологія,11-Д,2,1,whole,bio
Учитель_67_Технології,Географія,11-Д,2,1,whole,standard
Учитель_71_Геометрія,Історія України,11-Д,2,1,whole,standard
Учитель_2_Інформатика,Інформатика,11-Д,2,1,1,it
Учитель_100_Інформатика,Інформатика,11-Д,2,1,2,it
Учитель_22_Технології,Фізична культура,11-Д,2,1,whole,gym
Учитель_154_Правознавство,Зарубіжна літ.,11-Д,2,1,whole,standard
